dialogue_id,turn_index,phase,speaker,is_moderator,text,selected_reason,last_addressed,pending_question_target,repetition_pressure,tokens_in,tokens_out,role,is_primary,assertiveness,friendliness,talkativeness,agreeableness,patience,contrarian,response_length
20260511_125948_709647,0,greeting,Moderator,True,"Hey everyone, let's get started.",moderator,,,0.0,0,0,,,,,,,,,
20260511_125948_709647,0,greeting,Moderator,True,"Today we are deciding: Find a Flight to Uppsala, Sweden",moderator,,,0.0,0,0,,,,,,,,,
20260511_125948_709647,0,greeting,Moderator,True,Here are the options on the table:,moderator,,,0.0,0,0,,,,,,,,,
20260511_125948_709647,0,greeting,Moderator,True,"Option A - Morning Flight: Departs Arlanda at 8am, Costs $250, Lays over in Amsterdam",moderator,,,0.0,0,0,,,,,,,,,
20260511_125948_709647,0,greeting,Moderator,True,"Option B - Budget Friendly: Departs Stockholm at 2pm, Costs $180, Includes baggage fee",moderator,,,0.0,0,0,,,,,,,,,
20260511_125948_709647,0,greeting,Moderator,True,"Option C - Direct and Quick: Departs Arlanda at 10am, Costs $320, Flight duration 1 hour",moderator,,,0.0,0,0,,,,,,,,,
20260511_125948_709647,0,greeting,Moderator,True,"Option D - Evening Arrival: Departs Copenhagen at 6pm, Costs $200, Arrives Uppsala at 9pm",moderator,,,0.0,0,0,,,,,,,,,
20260511_125948_709647,0,greeting,Moderator,True,"What matters most to you when booking a flight to Uppsala, Sweden?",moderator,,,0.0,0,0,,,,,,,,,
20260511_125948_709647,1,greeting,Blake,False,"Hey, looking forward to figuring out this flight to Uppsala together, what matters most to you when booking a flight?",weighted,,,0.0,689,26,travel companion,False,1,5,3,5,3,5,2
20260511_125948_709647,2,greeting,Riley,False,Hi Blake,weighted,,,0.0,770,3,Uppsala student,True,1,4,3,5,5,3,1
20260511_125948_709647,3,greeting,Blake,False,Hey Riley,forced,Blake,,0.0,739,3,travel companion,False,1,5,3,5,3,5,2
20260511_125948_709647,4,opening,Riley,False,Short layovers are a must for me.,forced,Riley,,0.0,753,10,Uppsala student,True,1,4,3,5,5,3,1
20260511_125948_709647,5,opening,Casey,False,"Layovers can be a real pain, I once had a frustrating experience with a long layover in Copenhagen and it totally threw off my travel plans, so I'm with you on keeping them short. Option A already has a layover in Amsterdam, so that's something to consider.",weighted,,,0.0,732,59,flight expert,False,2,3,2,3,2,3,2
20260511_125948_709647,6,opening,Blake,False,"Morning flights can be tough, and Option A is pretty early, plus we should think about the overall travel time, not just the flight duration, considering we're trying to get to Uppsala.",weighted,,,0.167,903,41,travel companion,False,1,5,3,5,3,5,2
20260511_125948_709647,7,negotiation,Riley,False,"Tough morning flights, yeah.",weighted,,,0.153,889,8,Uppsala student,True,1,4,3,5,5,3,1
20260511_125948_709647,7,negotiation,Casey,False,"Early flights can be rough, but we should also think about the airport location, Arlanda's actually pretty close to Uppsala compared to other options.",weighted,,,0.153,812,32,flight expert,False,2,3,2,3,2,3,2
20260511_125948_709647,7,negotiation,Blake,False,"Arlanda being close to Uppsala is a good point, but we're still looking at a layover in Amsterdam with Option A, which adds to the overall travel time, and I'm wondering if flying into a smaller airport might actually be less stressful and get us to Uppsala just as quickly.",weighted,,,0.153,914,63,travel companion,False,1,5,3,5,3,5,2
20260511_125948_709647,8,negotiation,Riley,False,"Layovers do add up, yeah.",weighted,,,0.286,954,10,Uppsala student,True,1,4,3,5,5,3,1
20260511_125948_709647,8,negotiation,Casey,False,"Yeah, and it's not just the layover time itself, but also the hassle of switching planes, so I'm leaning towards Option C, it's direct and gets us to Uppsala pretty quickly.",weighted,,,0.286,842,43,flight expert,False,2,3,2,3,2,3,2
20260511_125948_709647,8,negotiation,Blake,False,"Direct flights are usually a plus, but Option C is also the most expensive, and I'm not sure if saving an hour or two is worth the extra $70-$140 per person, considering we're trying to find a balance between convenience and cost.",weighted,,,0.286,961,52,travel companion,False,1,5,3,5,3,5,2
20260511_125948_709647,9,negotiation,Riley,False,Cost is a big factor too.,weighted,,,0.286,974,8,Uppsala student,True,1,4,3,5,5,3,1
20260511_125948_709647,9,negotiation,Blake,False,"Morning flights like Option A can be pretty hectic, and I'm thinking about how we'll get to the airport that early, traffic and all, it might be smarter to look at options where we don't have to rush out the door so early.",weighted,,,0.286,942,51,travel companion,False,1,5,3,5,3,5,2
20260511_125948_709647,10,negotiation,Riley,False,Hectic mornings are a turnoff.,weighted,,,0.212,1000,10,Uppsala student,True,1,4,3,5,5,3,1
20260511_125948_709647,10,negotiation,Blake,False,"Traffic around Arlanda can be a nightmare, so if we're looking at Option A, we should also think about how we're getting to the airport that early, maybe it's better to consider an option where we don't have to deal with rush hour traffic.",weighted,,,0.212,998,54,travel companion,False,1,5,3,5,3,5,2
20260511_125948_709647,10,negotiation,Casey,False,"Rush hour traffic is a concern, but Option C still seems like the most straightforward choice to me, we'd avoid all the hassle and get to Uppsala quickly without any layovers.",weighted,,,0.212,1014,40,flight expert,False,2,3,2,3,2,3,2
20260511_125948_709647,10,narrowing,Moderator,True,Let's narrow this down — which option does each of you prefer? A backup is fine if you're genuinely unsure.,moderator,,,0.222,0,0,,,,,,,,,
20260511_125948_709647,11,narrowing,Riley,False,Prefer Option B.,weighted,,,0.222,1113,6,Uppsala student,True,1,4,3,5,5,3,1
20260511_125948_709647,11,narrowing,Casey,False,"Option C is still my top choice, but if I had to pick a backup it would be Option B, mainly because it departs from Stockholm and includes the baggage fee, which could simplify things.",weighted,,,0.222,980,41,flight expert,False,2,3,2,3,2,3,2
20260511_125948_709647,12,narrowing,Riley,False,Short layovers are still a must.,weighted,,,0.27,1089,9,Uppsala student,True,1,4,3,5,5,3,1
20260511_125948_709647,12,narrowing,Casey,False,"Yeah, short layovers are a plus, but I still think the direct flight is worth it, so I'm sticking with Option C as my top choice, and if that doesn't work out, then Option B is my backup, it's a decent compromise on price and convenience.",weighted,,,0.27,963,58,flight expert,False,2,3,2,3,2,3,2
20260511_125948_709647,12,narrowing,Blake,False,"Morning flights like Option C might be convenient, but have we thought about how crowded Arlanda is during peak travel times, it could make our departure more stressful than it needs to be.",weighted,,,0.27,1132,38,travel companion,False,1,5,3,5,3,5,2
20260511_125948_709647,12,narrowing,Moderator,True,"Blake and Riley are currently in the minority with their votes for Option A and Option B respectively, Blake, what is it about Option A that you prefer over the other options?",moderator,,,0.324,635,36,,,,,,,,,
20260511_125948_709647,13,narrowing,Riley,False,"Crowds are a concern, still prefer B.",weighted,,,0.324,1080,11,Uppsala student,True,1,4,3,5,5,3,1
20260511_125948_709647,13,narrowing,Blake,False,"Considering the price difference, Option C seems pretty expensive, and I'm not sure the convenience is worth the extra cost, especially since we're trying to make the most of our trip to Uppsala.",weighted,,,0.324,1087,42,travel companion,False,1,5,3,5,3,5,2
20260511_125948_709647,13,narrowing,Casey,False,"Option C is still the best choice for me, but if price becomes a major issue, then Option B is my backup, it's a decent compromise on cost and convenience.",weighted,,,0.324,1038,36,flight expert,False,2,3,2,3,2,3,2
20260511_125948_709647,13,narrowing,Moderator,True,"Casey, what one specific thing would you need from Option B to consider it as your top choice instead of just a backup?",moderator,,,0.259,482,27,,,,,,,,,
20260511_125948_709647,14,narrowing,Casey,False,"Yeah, price is a factor, but I still think the direct flight is worth it, and at this point I'm pretty set on that being the best choice for our trip to Uppsala.",weighted,,,0.259,1080,41,flight expert,False,2,3,2,3,2,3,2
20260511_125948_709647,14,narrowing,Riley,False,"Still prefer B, shorter layovers matter.",weighted,,,0.259,1086,10,Uppsala student,True,1,4,3,5,5,3,1
20260511_125948_709647,15,narrowing,Riley,False,Prefer B for shorter layovers.,weighted,,,0.218,1070,9,Uppsala student,True,1,4,3,5,5,3,1
20260511_125948_709647,16,narrowing,Blake,False,"Morning flights like Option C might be convenient, but have we thought about how crowded Arlanda is during peak travel times, it could make our departure more stressful than it needs to be, I prefer Option A.",weighted,,,0.254,1063,43,travel companion,False,1,5,3,5,3,5,2
20260511_125948_709647,16,narrowing,Riley,False,"Crowds are a concern, but B works.",weighted,,,0.254,1085,11,Uppsala student,True,1,4,3,5,5,3,1
20260511_125948_709647,16,narrowing,Casey,False,"Option C is my top choice, but if we're really concerned about crowds, maybe we should consider the departure time for Option B, it's later in the day so that might help avoid some of the rush.",weighted,,,0.254,999,44,flight expert,False,2,3,2,3,2,3,2
20260511_125948_709647,17,narrowing,Riley,False,Still think B is the way to go.,weighted,,,0.343,1073,10,Uppsala student,True,1,4,3,5,5,3,1
20260511_125948_709647,18,narrowing,Blake,False,"Yeah, but have we thought about the overall travel experience, flying into a smaller airport near Uppsala might be less stressful and more scenic than arriving at a big hub like Arlanda, I prefer Option A.",weighted,,,0.305,1042,44,travel companion,False,1,5,3,5,3,5,2
20260511_125948_709647,18,narrowing,Riley,False,Prefer B for simplicity.,weighted,,,0.305,1074,7,Uppsala student,True,1,4,3,5,5,3,1
20260511_125948_709647,19,narrowing,Blake,False,"Morning flights like Option C might be direct, but what about the jet lag factor, arriving early could throw off our whole first day in Uppsala, I prefer Option A.",weighted,,,0.31,1060,37,travel companion,False,1,5,3,5,3,5,2
20260511_125948_709647,19,narrowing,Moderator,True,We've spent a lot of time on this without reaching agreement. I'm going to call it — Option B is our final choice. Discussion concluded.,moderator,,,0.238,0,0,,,,,,,,,
20260511_125948_709647,19,closure,Riley,False,Later all,closure,,,0.238,715,3,Uppsala student,True,1,4,3,5,5,3,1
20260511_125948_709647,19,closure,Blake,False,"Still thinking about the layovers, wonder if Amsterdam or Copenhagen would be a better stop for us.",closure,,,0.238,706,21,travel companion,False,1,5,3,5,3,5,2
20260511_125948_709647,19,closure,Casey,False,See you all later,closure,,,0.238,649,5,flight expert,False,2,3,2,3,2,3,2
