dialogue_id,turn_index,phase,speaker,is_moderator,text,selected_reason,last_addressed,pending_question_target,repetition_pressure,role,is_primary,assertiveness,friendliness,talkativeness,agreeableness,patience,contrarian,response_length
20260504_150353_507971,0,opening,Moderator,True,"Hey everyone, let's get started.",moderator,,,0.0,,,,,,,,,
20260504_150353_507971,0,opening,Moderator,True,"Today we are deciding: You're in a book club, decide on the next book to read",moderator,,,0.0,,,,,,,,,
20260504_150353_507971,0,opening,Moderator,True,Here are the options on the table:,moderator,,,0.0,,,,,,,,,
20260504_150353_507971,0,opening,Moderator,True,"Option A - Classic Novel: Written by Jane Austen, Published in the 19th century, Romance genre",moderator,,,0.0,,,,,,,,,
20260504_150353_507971,0,opening,Moderator,True,"Option B - Contemporary Bestseller: Written by a Pulitzer Prize winner, Published in the last 5 years, Thriller genre",moderator,,,0.0,,,,,,,,,
20260504_150353_507971,0,opening,Moderator,True,"Option C - Science Fiction Epic: Part of a trilogy, Written by a renowned sci-fi author, Over 500 pages long",moderator,,,0.0,,,,,,,,,
20260504_150353_507971,0,opening,Moderator,True,"Option D - Historical Non-Fiction: Focuses on World War II, Includes first-hand accounts, Under 300 pages long",moderator,,,0.0,,,,,,,,,
20260504_150353_507971,0,opening,Moderator,True,What type of book would you personally enjoy discussing and exploring with the group for our next selection?,moderator,,,0.0,,,,,,,,,
20260504_150353_507971,1,opening,Alex,False,"I think we should consider something that will give us a lot to talk about, and personally I'm leaning towards a non-fiction title like Option D.",weighted,,,0.0,club_president,False,2,1,3,5,2,2,2
20260504_150353_507971,2,preference_expression,Casey,False,Option B's Pulitzer Prize winner status suggests a level of literary merit that could lead to more nuanced discussions about themes and character development.,weighted,,,0.0,new_member,False,1,2,5,1,1,4,2
20260504_150353_507971,3,preference_expression,Jordan,False,"Casey makes a compelling point about literary merit, but historical non-fiction often resonates with me because it can offer unique insights into the past. Historical Non-Fiction, Option D, stands out for its first-hand accounts of World War II.",weighted,,,0.0,next_month_reader,True,1,4,1,1,4,3,3
20260504_150353_507971,3,preference_expression,Taylor,False,"The discussion so far has highlighted some great points about literary merit and unique insights into the past, which are both important for our book club discussions. Jordan's comment about historical non-fiction offering insights resonates with me, but given my current mood for something lighter, I'm leaning towards Option A, primarily because it's a romance genre, which often explores character development in a more personal and relatable way. This could lead to some interesting conversations about relationships and societal norms.",weighted,,,0.0,book_suggester,False,3,4,3,4,5,2,4
20260504_150353_507971,3,preference_expression,Alex,False,"Non-fiction titles often spark more thought-provoking discussions, which is why Option D stands out to me.",weighted,,,0.0,club_president,False,2,1,3,5,2,2,2
20260504_150353_507971,4,negotiation,Taylor,False,"Alex's point about non-fiction titles sparking thought-provoking discussions is well-taken, and I can see why Option D remains a strong contender for many of us. However, my own desire for something lighter still leans me towards a character-driven novel, which is why I think Option A could be a great choice, offering a nice balance between engaging storytelling and relatable themes. This might allow us to explore different aspects of human experience in a more personal way.",weighted,,,0.402,book_suggester,False,3,4,3,4,5,2,4
20260504_150353_507971,4,negotiation,Casey,False,"Option D's brevity and focus on World War II might actually limit our discussion potential compared to a more complex, character-driven narrative.",weighted,,,0.402,new_member,False,1,2,5,1,1,4,2
20260504_150353_507971,5,negotiation,Jordan,False,"Casey's concern about Option D's brevity limiting discussion potential is understandable, but I think its concise nature and first-hand accounts could actually facilitate more focused conversations. Historical non-fiction like Option D often provides a unique lens through which we can explore complex issues.",weighted,,,0.432,next_month_reader,True,1,4,1,1,4,3,3
20260504_150353_507971,5,negotiation,Taylor,False,"Jordan makes a valid point about historical non-fiction providing a unique lens for exploring complex issues, and I appreciate how that could lead to focused conversations. However, my own preference for something lighter still leans me towards a character-driven narrative, which I think could offer a nice change of pace for our discussions. A romance novel like Option A might allow us to delve into personal relationships and societal norms in a more relatable way.",weighted,,,0.432,book_suggester,False,3,4,3,4,5,2,4
20260504_150353_507971,5,confirmation,Moderator,True,It sounds like Option D is the preferred choice. Can everyone confirm briefly?,moderator,Jordan,,0.482,,,,,,,,,
20260504_150353_507971,5,confirmation,Jordan,False,"Yes, I confirm Option D as our next book.",confirmation,Jordan,,0.482,next_month_reader,True,1,4,1,1,4,3,3
20260504_150353_507971,5,confirmation,Alex,False,Yes.,confirmation,Jordan,,0.482,club_president,False,2,1,3,5,2,2,2
20260504_150353_507971,5,closure,Jordan,False,"I'm looking forward to our discussion on Option D, it should be a thought-provoking read.",closure,Jordan,,0.482,next_month_reader,True,1,4,1,1,4,3,3
20260504_150353_507971,5,closure,Taylor,False,"It seems we've reached a consensus on Option D, and I'm looking forward to our discussion, even though it's a bit of a departure from my initial inclination towards something lighter.",closure,Jordan,,0.482,book_suggester,False,3,4,3,4,5,2,4
20260504_150353_507971,5,closure,Moderator,True,Agreed — Option D is the final choice. Discussion concluded.,moderator,Jordan,,0.482,,,,,,,,,
